<?xml version="1.0" encoding="UTF-8"?>
<project-private xmlns="http://www.netbeans.org/ns/project-private/1">
    <editor-bookmarks xmlns="http://www.netbeans.org/ns/editor-bookmarks/2" lastBookmarkId="1"/>
    <open-files xmlns="http://www.netbeans.org/ns/projectui-open-files/2">
        <group>
            <file>file:/C:/Users/ABHI/Documents/NetBeansProjects/RestuarantAppDMDD/src/ui/CustomerJPanel.java</file>
            <file>file:/C:/Users/ABHI/Documents/NetBeansProjects/RestuarantAppDMDD/src/ui/DeliveryJPanel.java</file>
            <file>file:/C:/Users/ABHI/Documents/NetBeansProjects/RestuarantAppDMDD/src/ui/MainJFrame.java</file>
            <file>file:/C:/Users/ABHI/Documents/NetBeansProjects/RestuarantAppDMDD/src/ui/ResturantPanel.java</file>
            <file>file:/C:/Users/ABHI/Documents/NetBeansProjects/RestuarantAppDMDD/src/model/jdbcConnection.java</file>
        </group>
    </open-files>
</project-private>
